abandoned,124
abe,152
ability,151
able,176
abortion,135
about,216
above,156
absolute,144
absolutely,166
absurd,124
abuse,145
abused,126
abusive,133
academic,123
accent,139
accept,153
acceptable,137
accepted,139
accepting,128
access,149
accident,147
accidentally,142
according,146
account,162
accounts,137
accurate,138
accused,127
ache,144
achieve,131
achievement,126
acid,131
acknowledge,126
across,162
act,162
acted,127
acting,151
action,191
actions,144
active,140
actively,134
activities,130
activity,135
actor,139
actors,137
actress,123
acts,131
actual,163
actually,193
ad,139
adam,131
add,166
added,147
addicted,134
addiction,136
adding,137
addition,129
additional,126
address,146
adds,125
Adi,136
adjust,124
admin,128
admit,149
admitted,126
adopted,126
adorable,132
ads,136
adult,133
adults,145
advance,135
advanced,130
advantage,139
adventure,135
advertising,130
advice,162
affect,137
affected,128
afford,149
afraid,154
african,130
after,198
afternoon,147
afterwards,139
again,189
against,171
agar,165
age,175
aged,126
agency,124
agent,131
ages,136
aggressive,133
ago,178
agree,171
agreed,137
agreement,123
ah,152
aha,132
ahead,151
aid,129
aids,124
aim,128
ain't,150
air,161
airport,141
Ajay,131
aka,134
ala,145
alarm,137
album,151
albums,124
alcohol,153
alcoholic,128
ale,130
alert,127
alex,126
Ali,129
alien,135
aliens,132
alive,154
all,217
allah,130
allow,163
allowed,160
allowing,128
allows,134
almost,179
alone,169
along,171
already,180
alright,144
also,197
alternative,132
although,156
always,196
am,203
amateur,123
amazed,127
amazing,176
amazon,138
ame,123
amendment,125
americans,152
amharic,150
ami,170
Amit,133
among,143
amount,165
amounts,132
amr,142
amy,125
An,213
ana,140
ancient,129
And,247
andaman,150
android,134
angel,131
anger,136
angle,126
angry,153
ani,155
animal,150
animals,152
animated,125
anime,137
anna,139
anniversary,133
announce,123
announced,127
annoyed,134
annoying,154
annual,130
another,184
answer,178
answered,136
answering,129
answers,161
anta,129
ante,131
anti,131
anxiety,150
anxious,126
any,206
anybody,147
anymore,167
anyone,182
anything,189
anytime,136
anyway,161
anyways,141
anywhere,152
apart,148
apartment,149
apologize,132
app,164
apparently,161
appeal,128
appear,134
appearance,130
appears,130
apple,150
apples,124
application,130
applied,130
applies,131
apply,146
applying,124
appointment,127
appreciate,155
appreciated,131
approach,137
appropriate,171
approved,138
apps,135
apse,130
aram,123
are,225
area,165
areas,145
aren't,178
argue,145
arguing,136
argument,153
arguments,132
arm,147
armed,126
arms,147
army,144
around,192
arrested,138
arrive,126
arrived,133
arrow,127
art,157
article,149
articles,130
artist,141
artists,134
arts,134
as,220
asa,124
asap,128
ashamed,130
asian,142
aside,145
ask,181
asked,177
asking,167
asks,146
asleep,150
aspect,132
aspects,124
assamese,150
assault,138
assignment,125
assistance,138
assistant,125
associated,127
assume,157
assumed,139
assuming,146
assumption,124
at,221
ate,152
atheist,127
atlanta,129
atmosphere,129
attached,134
attack,154
attacked,127
attacks,134
attempt,143
attempted,123
attempting,123
attempts,124
attend,135
attended,123
attending,128
attention,160
attitude,145
attracted,135
attraction,123
attractive,149
audience,139
audio,136
August,127
aunt,140
aunty,130
austin,144
australian,130
author,130
authority,126
autism,128
auto,137
automatic,126
automatically,187
Available,154
Avatar,125
ave,131
avengers,126
average,157
avoid,154
aw,130
awake,140
award,132
awards,126
aware,149
awareness,126
away,185
awesome,176
awful,154
awhile,136
awkward,154
aye,146
azerbaijani,150
baal,145
baba,147
babe,130
babies,143
Babu,163
Baby,176
back,202
background,145
backwards,133
backyard,123
bacon,140
bad,196
bade,157
badly,139
bag,158
bags,139
baked,125
Bal,145
Bala,124
balance,141
ball,153
balls,149
baltimore,125
ban,155
banana,138
band,171
banda,132
bands,135
bang,139
bank,154
banks,124
banned,141
bar,179
barbuda,150
bare,158
barely,150
Bari,145
bars,140
bartender,127
base,148
baseball,143
based,163
basement,135
basic,151
basically,170
basis,138
basketball,141
bass,134
bat,177
bate,123
bath,137
bathroom,157
batman,136
battery,136
battle,145
bay,139
be,225
beach,150
beans,132
bear,148
beard,131
bears,135
beast,129
beat,161
beaten,123
beating,134
beats,134
beautiful,169
beauty,142
became,157
because,210
become,168
becomes,147
becoming,145
bed,171
bedroom,140
bee,125
beech,150
beef,135
been,204
Beer,163
beers,133
bees,123
before,197
began,138
begin,147
beginning,148
begins,134
behan,144
behave,124
behavior,144
behaviour,123
behind,168
being,200
beings,127
belief,135
beliefs,135
believe,181
believed,139
believes,131
believing,131
bell,136
belly,129
belong,126
below,143
belt,133
ben,133
bench,125
bend,123
benefit,141
benefits,141
Benin,150
bernie,132
beside,123
besides,141
best,194
bet,155
beta,154
bete,127
better,193
between,175
beyond,150
bf,131
bias,128
biased,126
bible,139
big,186
bigger,151
biggest,154
bike,157
bill,158
billion,135
bills,142
billy,123
bin,132
bio,125
biological,123
biology,125
bird,137
birds,133
birth,151
birthday,173
bit,180
bite,142
bits,131
bitter,129
bizarre,125
black,176
blade,124
blah,133
blame,148
blank,128
blanket,131
blast,139
bleeding,127
bless,138
blessed,134
blew,137
blind,144
block,155
blocked,129
blocks,127
blog,144
blonde,126
blood,160
blow,146
blowing,132
blown,134
blows,126
blue,160
board,151
boat,142
bob,136
bobble,127
bodies,135
body,171
bola,181
bole,160
bolo,166
bomb,141
bond,129
bone,136
bones,131
bonus,134
boo,133
book,175
booked,124
books,162
boom,126
boor,128
boot,128
booth,132
boots,131
booze,126
border,131
bore,130
bored,149
boring,154
born,160
boss,157
boston,139
bot,184
both,184
bother,146
bothered,135
bothers,124
bottle,155
bottles,134
bottom,148
bought,164
bound,127
bout,145
bow,123
bowl,145
box,178
boxes,132
boy,165
boyfriend,159
boys,157
bra,134
brain,160
brains,128
branch,127
brand,150
brands,124
brave,126
bread,145
break,169
breakfast,150
breaking,150
breaks,157
breast,127
breasts,123
breath,140
breathe,131
breathing,132
brian,123
brick,124
bride,138
bridge,136
brief,123
bright,140
brilliant,136
bring,168
bringing,142
brings,139
bro,167
broke,160
broken,154
bros,126
brother,168
brother's,124
brothers,143
brought,156
brown,148
bruce,123
brush,133
brutal,126
bubble,126
bucket,129
bucks,135
bud,129
buddies,128
buddy,151
budget,140
buffalo,127
bug,129
bugs,130
build,154
building,159
buildings,129
built,148
bull,128
bullet,136
bullied,124
bullshit,156
bully,124
bullying,123
bunch,162
burger,138
burgers,125
buried,129
burn,146
burned,134
burning,137
burns,124
burnt,123
burst,124
bus,170
bush,137
business,169
businesses,131
bust,123
busy,166
but,227
butter,146
button,145
buy,176
buying,152
by,207
bye,162
cab,128
cable,137
cafe,129
cage,129
cake,149
cal,139
caledonia,150
calendar,123
california,144
call,191
called,178
calling,157
calls,152
calm,141
calories,133
cam,125
came,181
camera,149
cameras,127
camp,142
campaign,145
camping,125
campus,139
can,215
can't,198
canadian,141
cancel,127
cancelled,127
cancer,152
candidate,146
candidates,142
candy,144
cannot,167
cans,124
cap,131
capable,137
capacity,124
capital,129
caps,125
captain,133
car,182
card,161
cards,148
care,180
cared,131
career,153
careful,138
cares,143
caring,134
carolina,126
carpet,125
carried,127
carry,150
carrying,132
cars,156
cart,127
cartoon,133
case,171
cases,146
cash,151
cashier,126
cast,143
castle,125
casual,134
casually,124
cat,160
catch,156
catching,131
category,126
catholic,134
cats,147
caught,159
cause,171
caused,144
causes,138
causing,136
cebuano,150
ceiling,128
celebrate,141
celebrating,128
celebration,123
celebrity,132
cell,145
cells,125
center,152
central,137
centre,124
century,129
cereal,129
ceremony,126
certain,163
certainly,152
ch,123
cha,144
Chad,134
Chain,140
chair,141
challenge,140
chance,167
chances,138
change,180
changed,159
changes,149
changing,147
channel,142
chap,136
chapter,129
char,130
character,164
characterised,129
characters,158
charge,150
charged,132
charges,131
charging,125
charity,129
charlie,126
chase,131
chasing,126
chat,167
chatting,131
che,151
cheap,156
cheaper,140
cheat,131
cheated,132
cheating,139
check,179
checked,144
checking,144
checks,139
cheer,126
cheese,158
cheesy,123
chef,130
chemical,127
chemistry,130
cherry,124
chest,141
chicago,148
chick,139
chicken,157
chicks,128
child,178
child's,128
childhood,144
children,167
children's,139
chili,123
chill,143
chin,123
China,143
chinese,145
chip,129
chips,136
chlo,139
chocolate,151
choice,160
choices,141
choose,157
choosing,128
chose,139
chosen,126
chris,140
christ,140
christian,141
christians,124
christmas,158
chu,137
chuck,127
church,151
cigarette,132
cigarettes,134
cinema,126
circle,139
circumstances,133
cities,140
citizen,129
citizens,134
city,170
civil,140
claim,147
claimed,130
claiming,129
claims,134
clan,123
class,179
classes,153
classic,145
classroom,130
clean,161
cleaned,128
cleaning,144
clear,174
clearly,154
clever,130
click,146
clicked,123
client,137
client's,124
clients,134
climate,131
climb,127
climbing,124
clinton,154
clip,127
clock,136
close,172
closed,149
closer,146
closest,134
closet,132
closing,132
clothes,154
clothing,136
cloud,128
clown,136
clowns,128
club,155
clubs,125
clue,138
coach,139
coaching,123
coast,140
coat,127
cocaine,128
code,151
coffee,165
coke,141
cold,163
collect,131
collection,138
college,176
color,153
colors,134
colour,136
com,169
combat,135
combination,132
combined,129
combo,124
come,191
comedy,144
comes,173
comfort,135
comfortable,148
comic,137
comics,124
coming,177
command,123
comment,169
comments,176
commercial,141
commercials,131
commit,133
committed,135
common,163
communicate,128
communication,133
communities,124
community,156
commute,131
Comoros,150
companies,148
company,167
company's,133
compare,136
compared,147
comparing,123
comparison,132
competition,135
competitive,126
complain,143
complaining,136
complete,157
completed,125
completely,171
complex,141
complicated,135
compliment,132
computer,160
computers,137
con,124
concept,146
concern,130
concerned,138
concerns,187
concert,144
conclusion,127
concrete,125
condition,136
conditions,133
condom,130
condoms,127
conference,142
confidence,138
confident,134
confirm,157
confirmed,129
conflict,128
confused,151
confusing,132
confusion,124
congrats,153
congratulations,138
congress,135
connect,138
connected,133
connection,138
connections,123
conscious,127
consent,130
consequences,133
conservative,134
consider,165
considered,153
considering,148
consistent,124
consistently,125
console,123
conspiracy,139
constant,140
constantly,155
constitution,126
construction,133
contact,188
contacts,124
contain,138
content,150
contest,135
context,156
continue,152
continued,133
continues,130
contract,136
contribute,124
control,164
controlled,125
convenient,123
conversation,161
conversations,138
convince,140
convinced,143
cook,148
cooked,131
cookie,130
cookies,134
cooking,144
cool,177
cooler,126
cooperation,151
cop,143
cops,147
copy,148
core,134
corn,134
corner,147
corporate,133
correct,169
correctly,138
corrupt,130
corruption,125
cost,157
costs,143
costume,135
couch,141
cough,124
could,199
could've,132
couldn't,175
council,123
count,154
counter,139
counting,132
countries,154
country,173
counts,132
county,138
couple,174
couples,127
courage,127
course,173
courses,125
court,149
cousin,148
cousins,133
cover,160
coverage,129
covered,146
covering,126
covers,131
cow,136
coworker,134
coworkers,132
cows,126
cox,128
coz,126
crack,139
cracked,124
craft,129
crap,153
crappy,129
crash,138
crazy,171
cream,152
create,154
created,148
creates,124
creating,137
creation,126
creative,140
creature,125
creatures,124
credit,152
creep,125
creepy,153
crew,140
cricket,123
cried,138
crime,148
crimes,130
criminal,137
criminals,125
cringe,131
crisis,129
critical,130
cross,146
crossed,129
crossing,126
crowd,141
cruel,123
cruise,128
crush,141
crushed,123
cry,153
crying,151
cultural,135
culture,154
cultures,128
cup,150
cups,127
cure,131
curiosity,124
curious,147
current,157
currently,157
curse,124
custom,128
customer,154
customers,146
cut,168
cute,163
cuts,131
cutting,141
cycle,138
da,144
dad,177
dad's,135
dada,135
daddy,136
dads,123
daily,154
dairy,123
Dal,161
dale,124
dali,125
dallas,131
dam,150
damage,146
damned,127
Dan,133
dance,157
dancing,139
dang,129
danger,133
dangerous,148
dar,154
dare,140
dark,163
darkness,125
darling,137
Data,153
date,166
dated,139
dates,137
dating,156
daughter,156
daughter's,123
dave,130
david,141
Day,204
days,181
dead,170
deal,169
dealer,124
dealing,141
deals,131
dealt,124
dear,160
death,169
deaths,128
debate,145
debates,124
debt,145
decade,138
decades,136
deccan,150
decent,154
decide,153
decided,165
decides,128
deciding,123
decision,150
decisions,142
deck,128
dedicated,128
dee,128
Deep,160
deeper,126
deeply,128
deer,127
def,130
default,127
defend,135
defending,123
defense,143
define,129
defined,123
definitely,174
definition,142
degree,155
degrees,136
delete,144
deleted,132
delicious,145
deliver,128
delivered,127
delivery,136
demand,135
democracy,125
democratic,125
democrats,125
den,130
dena,156
dene,152
dentist,125
denver,129
deny,128
department,140
depend,124
depending,146
depends,157
depersonalize,131
depressed,143
depressing,133
depression,153
depth,126
describe,141
described,135
description,129
desert,126
deserve,147
deserved,127
deserves,133
desi,130
design,149
designed,137
designer,123
desire,137
desk,145
desperate,130
despite,151
destination,123
destroy,137
destroyed,136
detail,136
details,149
determine,126
determined,123
detroit,128
Dev,129
develop,135
developed,137
developing,125
development,140
device,134
devices,125
devil,133
diagnosed,127
dialogue,128
dicks,134
did,201
didn't,197
die,170
died,164
diego,132
dies,138
diet,144
difference,162
differences,129
different,184
differently,137
difficult,155
difficulty,123
dig,134
digital,140
din,184
dinner,163
dino,146
dip,125
direct,169
direction,147
directions,127
directly,149
director,134
dirt,133
dirty,148
disabled,126
disagree,147
disappointed,139
disaster,128
discount,129
discover,126
discovered,140
discuss,137
discussing,130
discussion,178
disease,138
disgusting,141
Dish,131
dishes,133
dislike,135
disney,138
disorder,132
display,130
distance,143
district,130
disturb,123
disturbing,127
divorce,136
divorced,128
do,216
doc,131
doctor,158
doctor's,126
doctors,141
documentary,131
does,191
doesn't,191
dog,169
dogs,154
doing,191
doll,126
dollar,145
dollars,148
domestic,124
don't,215
donald,146
donate,133
done,183
door,175
doors,144
dope,127
dost,157
double,153
doubt,154
douche,129
down,195
download,153
downstairs,123
downtown,138
dozen,131
dozens,124
Dr,140
draft,132
drag,132
dragon,137
drain,124
drama,144
drank,134
draw,142
drawing,133
drawn,125
dream,161
dreaming,123
dreams,152
dress,155
dressed,140
dressing,129
drew,125
drink,170
drinking,160
drinks,149
drive,168
driven,128
driver,147
driver's,124
drivers,138
drives,137
driving,163
drop,156
dropped,150
dropping,134
drops,130
drove,143
drug,152
drugs,155
drunk,163
dry,146
duck,134
dude,169
dudes,140
due,164
dumb,159
dump,130
dumped,123
dunno,139
during,175
dust,129
dutch,123
duty,142
dying,150
e-mail,125
each,178
ear,144
earlier,150
early,169
earn,133
earned,126
ears,138
earth,159
easier,159
easiest,123
easily,157
east,148
easter,136
eastern,128
easy,169
eat,176
eaten,135
eating,164
eats,127
economic,132
economy,138
Ed,137
edge,141
edit,141
edited,164
editing,129
edition,126
educated,127
education,153
effect,152
effective,139
effectively,126
effects,142
efficient,125
effort,151
egg,142
eggs,143
ego,131
eh,131
eight,130
either,179
el,125
elaborate,125
elderly,123
elected,132
election,154
elections,127
electric,135
electricity,126
elementary,136
elements,123
elevator,129
ella,124
else,181
elsewhere,160
em,148
email,158
emails,137
embarrassed,131
embarrassing,132
emergency,138
emo,127
emotion,127
emotional,146
emotionally,135
emotions,138
empire,129
employee,136
employees,140
employer,124
empty,146
encounter,126
encourage,128
end,184
ended,166
ending,153
endless,126
ends,148
enemies,128
enemy,133
energy,153
engage,125
engaged,129
engagement,125
engine,134
engineer,133
engineering,136
England,138
enjoy,176
enjoyable,129
enjoyed,153
enjoying,146
enough,186
ensure,126
enter,139
entered,125
entering,123
entertaining,133
entertainment,132
entire,169
entirely,148
entirety,170
entitled,128
entry,131
environment,140
epic,135
episode,161
episodes,145
equal,140
equality,123
equally,133
equipment,134
equivalent,131
er,132
era,132
eric,123
error,155
escape,137
especially,171
essentially,141
established,123
estate,129
eta,124
etc,170
european,135
ev,128
eve,135
even,202
evening,150
event,158
events,149
eventually,160
ever,192
every,195
everybody,155
everyday,150
everyone,189
everyone's,135
everything,184
everywhere,154
evidence,152
evil,151
evolution,131
ex,157
exact,152
exactly,168
exam,156
example,162
examples,135
exams,133
excellent,143
except,164
exception,129
exchange,136
excited,165
exciting,141
excuse,149
excuses,125
exercise,142
exist,157
existed,133
existence,139
existing,127
exists,141
exit,130
expect,157
expectations,132
expected,148
expecting,141
expensive,155
experience,173
experienced,142
experiences,143
experiment,126
expert,132
explain,161
explained,140
explaining,137
explains,129
explanation,138
explore,126
exposed,126
express,136
expression,125
extended,129
extent,130
extra,160
extreme,140
extremely,156
eye,160
eyes,168
fabulous,129
face,177
facebook,164
faces,136
facial,124
facing,129
fact,175
factor,136
factors,125
factory,132
facts,141
fail,148
failed,144
failing,129
fails,124
failure,139
fair,163
fairly,149
faith,141
fake,156
fall,163
fallen,126
falling,146
fallout,128
falls,138
false,141
familiar,135
families,141
family,184
family's,124
famous,145
fan,165
fancy,138
fans,156
fantastic,151
fantasy,144
far,178
farm,137
fart,133
fascinating,126
fashion,139
fast,166
faster,146
fat,160
father,160
fault,149
favor,137
favorite,173
favorites,131
favourite,141
fear,158
feature,134
features,132
feb,123
fed,132
federal,135
fee,132
feed,144
feedback,128
feeding,123
feel,198
feeling,173
feelings,152
feels,162
fees,127
feet,156
fell,154
fellow,141
felt,170
female,159
females,128
fence,128
fest,126
festival,136
fetish,129
fever,129
few,191
fewer,124
fiction,131
field,155
fields,126
fifth,123
fight,165
fighting,149
fights,132
figure,161
figured,149
figures,127
file,139
files,127
fill,146
filled,145
filling,128
film,166
filming,123
films,140
filter,126
final,158
finale,127
finally,169
finals,129
financial,139
financially,123
find,189
finding,153
finds,132
fine,170
finger,146
fingers,144
finish,154
finished,155
finishing,132
fire,165
firearms,124
fired,144
firm,129
first,199
fish,150
fishing,125
fist,125
fit,161
fitness,127
fits,153
five,157
fix,155
fixed,139
fixing,124
flag,135
flash,137
flat,146
flavor,134
flew,127
flies,125
flight,147
flip,140
flipped,123
floating,123
floor,160
florida,145
flow,132
flowers,129
flu,123
fly,150
flying,145
focus,151
focused,133
folk,123
folks,149
follow,180
followed,151
followers,150
following,175
follows,134
food,179
foods,136
fool,134
foot,150
footage,125
football,153
for,234
force,157
forced,149
forces,131
forcing,129
ford,124
foreign,140
forest,131
forever,157
forget,165
forgetting,125
forgive,131
forgot,156
forgotten,135
form,158
formal,123
format,154
former,144
forms,131
forth,133
forum,125
forward,166
fought,129
found,179
foundation,132
four,157
fourth,129
fox,137
frame,132
francisco,124
frank,130
freak,136
freaked,134
freaking,143
free,188
freedom,144
french,150
frequently,135
fresh,151
freshman,134
fridge,134
fried,135
friend,188
friendly,143
friends,190
friendship,137
fries,134
from,214
front,170
frozen,136
fruit,138
frustrated,127
frustrating,130
fry,125
ft,123
fuck,188
fuel,132
fula,150
full,180
full-time,131
fully,149
fun,183
function,137
fund,128
funding,127
funeral,133
funniest,129
funny,173
furniture,129
further,149
future,166
Gabon,150
gain,140
gained,124
gal,139
gala,123
galaxy,132
gale,139
game,190
gameplay,127
games,174
gaming,139
gang,133
gap,133
gar,127
garage,134
garbage,142
garden,138
garlic,124
gary,128
gas,154
gate,143
gave,169
gay,165
Gaya,192
gaye,173
ge,123
gear,139
Gen,123
gender,148
general,162
generally,156
generation,144
generations,129
generic,127
genetic,124
genius,137
genre,128
genuine,131
genuinely,144
george,140
get,215
gets,177
getting,190
ghost,140
giant,150
giants,125
gift,154
gifts,134
gig,125
girl,186
girlfriend,162
girlfriends,123
girls,174
give,188
given,163
gives,157
giving,164
glad,168
glass,151
glasses,141
global,138
glorious,126
gmail,166
go,205
goal,148
goals,137
God,124
gods,130
goes,173
going,201
gold,153
golden,138
golf,135
gone,166
gonna,177
goo,123
good,210
goodbye,128
goodness,129
goodnight,127
goods,123
google,162
gore,134
gorgeous,138
got,204
gotta,163
gotten,156
government,163
grab,150
grabbed,133
grabbing,123
grace,123
grad,129
grade,156
grades,133
graduate,134
graduated,138
graduating,124
graduation,133
grammar,130
grand,143
grandfather,136
grandma,141
grandmother,137
grandpa,131
grandparents,132
grant,124
granted,130
graphic,123
graphics,128
grass,132
grateful,131
gravity,127
great,197
greater,135
greatest,146
greatly,124
greek,125
green,158
grew,153
grey,132
grill,125
grilled,124
grind,126
grocery,142
groom,124
gross,141
ground,155
group,176
groups,145
grow,154
growing,151
grown,142
growth,130
guadeloupe,150
guarantee,130
guaranteed,123
guard,136
guess,179
guessing,135
guest,139
guests,129
guiana,150
guide,134
guilt,128
guilty,142
Guinea-bissau,150
guitar,141
gujarati,150
gum,131
gun,166
guns,155
Guru,126
gut,124
guy,191
guys,182
gym,155
ha,158
habit,137
habits,127
hack,126
hacked,123
had,212
hadn't,147
haha,167
hair,169
hakka,150
half,175
halfway,133
hall,145
halloween,144
hallway,129
halo,128
ham,158
hammer,125
han,157
hand,172
handed,133
handful,127
handle,153
hands,163
handsome,125
hang,156
hanging,149
hans,123
happen,172
happened,176
happening,154
happens,166
happier,132
happily,129
happiness,144
Happy,196
hard,184
hardcore,130
harder,150
hardest,132
hardly,136
hardware,123
harm,137
harry,147
Harsh,130
has,206
hasn't,149
hat,154
hate,180
hated,149
hates,137
hath,178
hating,128
hatred,123
hats,124
haunted,129
hausa,150
have,228
haven't,173
having,186
hawaii,125
hay,144
he,217
he'd,150
he'll,141
he's,183
head,178
headache,128
headed,139
heading,143
headphones,132
heads,142
health,161
healthcare,135
healthy,153
hear,177
heard,177
hearing,152
heart,167
hearts,130
heat,149
heaven,139
heavily,134
heavy,148
heck,130
heels,123
height,132
held,147
helicopter,124
hello,164
help,185
helped,152
helpful,137
helping,148
helps,153
hence,128
her,212
here,194
here's,154
hero,147
heroes,126
heroin,135
herself,145
herzegovina,150
hey,176
hi,203
hidden,134
hide,146
hiding,134
high,184
higher,154
highest,135
highly,146
highschool,135
highway,134
hike,128
hilarious,152
hill,142
hillary,158
hills,123
him,201
himself,158
hint,125
hip,134
hire,138
hired,132
hiring,130
his,205
historical,127
history,165
hit,174
hitler,137
hits,142
hitting,144
hmm,176
ho,200
hobbies,128
hobby,133
hockey,135
hoi,141
hold,164
holding,150
holds,132
hole,157
holes,134
holiday,146
holidays,134
hollywood,137
holy,159
home,187
homeless,142
homes,131
homework,141
hon,131
hone,168
honest,155
honestly,163
honesty,123
honey,139
honor,135
hood,129
hook,143
hooked,132
hop,132
hope,182
hopefully,150
hopes,128
hoping,150
horrible,156
horribly,123
horrifying,123
horror,148
horse,143
horses,126
hospital,156
host,133
hosting,126
hot,177
hotel,156
hour,175
hours,176
house,184
household,123
houses,139
housing,128
houston,131
how,211
how'll,150
how's,136
howe'er,150
however,151
hows,129
hoy,137
hr,133
http,123
hu,166
hubby,124
hue,173
hug,146
huge,169
hugs,123
huh,134
hui,168
hum,184
human,167
humanity,137
humans,152
hume,135
humor,139
hundred,138
hundreds,140
hung,136
hunger,132
hungry,143
hunt,132
hunter,126
hunting,136
hurricane,128
hurry,128
hurt,163
hurting,130
hurts,143
husband,161
husband's,123
hype,129
i'd,155
i'll,155
i'm,176
i've,143
ice,159
id,123
idea,179
ideal,127
ideas,151
identify,131
identity,131
idiot,151
idiots,137
if,223
igbo,150
ignorance,130
ignorant,137
ignore,148
ignored,131
ignoring,131
ila,128
ill,155
illegal,151
illness,136
ima,124
image,145
images,132
imaginable,136
imagination,126
imagine,165
immediate,127
immediately,156
immigrants,128
immigration,124
impact,142
importance,123
important,167
impossible,149
impressed,132
impression,130
impressive,130
improve,138
improved,125
in,239
inappropriate,123
inch,132
inches,128
incident,134
include,167
included,138
includes,130
including,153
income,143
incorrect,123
increase,139
increased,125
incredible,145
incredibly,151
indeed,138
independent,133
indian,151
indiana,129
individual,142
individuals,130
industry,148
infection,127
infinite,129
influence,135
info,152
information,157
informed,129
ingredients,124
initial,129
initially,124
injured,123
injury,129
ink,123
inner,130
innocent,136
insane,147
insanely,125
insecure,124
insert,129
inside,164
inspiration,130
inspired,131
instagram,134
install,128
instance,133
instant,134
instantly,138
instead,177
instructions,124
insult,131
insurance,150
intelligence,136
intelligent,137
intended,134
intense,137
intent,123
intentionally,126
interact,126
interaction,129
interest,155
interested,161
interesting,167
interests,136
internal,128
international,138
internet,167
interview,152
interviews,128
into,200
intro,127
introduce,124
introduced,130
invented,131
invest,132
investment,126
invisible,123
invite,138
invited,136
involve,140
involved,154
involves,124
involving,123
ipad,145
iphone,160
ipod,137
Iraq,125
ireland,128
irish,135
irl,123
iron,138
irrelevant,126
is,236
isis,125
Islam,123
island,144
isn't,185
issue,163
issues,165
it,239
it'd,143
it'll,150
it's,197
item,139
items,143
its,197
itself,156
itunes,125
jab,181
jack,146
jacket,131
jackson,131
jada,146
Jag,130
Jai,152
jail,144
jake,142
jal,127
jam,142
James,141
jan,148
jana,161
jane,159
Japan,138
jar,134
jason,126
javanese,150
Jay,145
jaye,147
jazz,132
jealous,141
jeans,140
jeff,124
jerk,126
jersey,136
jesus,155
jet,126
jewish,128
jews,126
jim,133
jimmy,128
jo,172
Job,186
jobs,159
jodi,127
joe,138
John,153
johnny,126
johnson,135
join,159
joined,134
joining,131
joint,131
joke,165
jokes,149
joking,135
Jon,124
jones,133
josh,149
journey,135
Joy,139
jr,126
judge,148
judging,129
juice,141
jump,152
jumped,136
jumping,134
jungle,123
junior,135
junk,129
jus,125
just,223
justice,139
justify,130
Justin,140
kab,162
kai,161
Kala,128
Kale,139
Kali,136
kan,137
Kana,125
kara,141
kari,146
karma,143
karna,169
Karnataka,150
karo,164
kat,137
katha,126
kay,169
keep,185
keeping,150
keeps,150
kentucky,125
kept,162
ketchup,128
kevin,132
key,160
keyboard,139
keys,136
Khan,136
kia,141
kick,149
kicked,142
kicking,130
kicks,123
kid,179
kidding,141
kids,185
kill,170
killed,161
killer,140
killing,154
kills,137
kim,127
kind,183
kinda,166
kindly,123
kinds,140
king,153
kingdom,125
kings,124
kirundi,150
kiss,178
kissing,127
kit,135
kitchen,150
knee,133
knees,128
knew,173
knife,143
knight,126
knock,139
knocked,132
know,209
knowing,158
knowledge,153
Known,159
knows,164
ko,211
kobe,127
kora,123
kore,162
korean,128
Kozhikode,150
Krishna,123
ku,142
Kumar,138
Kush,128
Kyrgyzstan,150
La,158
lab,139
label,128
labor,135
lack,154
ladies,146
lady,160
lag,175
laid,140
lake,140
lame,132
land,153
landed,130
landing,127
lane,145
language,157
languages,133
lap,128
laptop,141
large,162
largely,124
larger,138
largest,130
las,125
last,192
lasted,129
late,175
lately,139
later,177
latest,142
latin,124
latter,128
laugh,159
laughed,145
laughing,151
laughs,125
laughter,127
launch,134
laundry,133
law,162
lawn,128
laws,150
lawyer,138
lawyers,124
lay,149
laying,136
lazy,150
lead,155
leader,138
leaders,131
leadership,127
leading,137
leads,137
league,144
lean,124
learn,169
learned,160
learning,157
least,182
leather,123
leave,174
leaves,143
leaving,155
lecture,126
led,143
lee,137
left,181
leg,148
legal,153
legally,135
legend,135
legit,138
legitimate,129
legitimately,127
legs,147
lemon,126
lena,154
length,134
lesbian,128
Lesotho,150
less,179
lesser,123
lesson,138
lessons,130
let,188
let's,154
lets,154
letter,142
letters,134
letting,146
level,165
levels,140
liar,124
liberal,135
library,148
license,140
lick,125
lie,157
lied,131
lies,140
life,198
life's,126
lifestyle,129
lifetime,133
lift,135
light,166
lighter,124
lighting,123
lights,148
like,221
liked,161
likely,165
likes,153
liking,132
lil,138
limit,148
limited,163
limits,130
line,171
lines,151
link,158
linked,127
links,132
lion,127
lip,129
lips,136
liquid,129
liquor,129
list,164
listed,128
listen,163
listened,133
listening,158
lit,130
literal,127
literally,172
little,190
live,186
lived,161
lives,163
living,171
lo,153
load,140
loaded,131
loads,127
loan,133
loans,129
local,162
location,142
lock,141
locked,140
locker,129
log,167
logic,143
logical,130
logo,153
logon,125
london,136
lonely,137
long,189
long-term,128
longer,162
longest,128
look,190
looked,167
looking,185
looks,175
loop,127
loose,138
lord,147
los,128
lose,161
loser,126
loses,125
losing,148
loss,147
lost,171
lot,194
lots,165
lottery,128
loud,154
loudly,127
louis,124
lounge,124
Love,204
loved,168
Lovely,147
lover,126
loves,152
loving,148
low,160
lower,149
lowest,123
luck,164
luckily,136
Lucky,157
luke,125
lunch,163
lying,146
lyrics,137
ma,158
mac,137
machine,153
machines,134
mad,160
madam,133
made,192
madhya,150
madison,124
mag,141
magazine,131
magic,150
magical,132
mai,183
mail,165
main,205
maine,199
mainly,137
mainstream,124
maintain,134
maintenance,127
major,159
majority,151
make,203
makes,185
makeup,138
making,180
Mal,129
malagasy,150
male,158
males,124
mall,141
malum,131
mam,148
mama,154
Man,192
manage,141
managed,145
management,140
manager,150
managers,124
mandatory,124
mane,157
Mani,132
Manipur,150
Mann,144
manner,127
mano,133
manual,125
many,191
map,139
maple,123
maps,125
mar,160
mara,159
marathon,127
March,146
mare,152
mari,157
marijuana,130
mario,136
mark,169
market,154
marketing,142
marks,133
marne,146
marriage,153
married,164
marry,140
mars,136
marta,127
martin,128
martinique,150
mary,131
mask,131
mass,147
massage,130
massive,150
Mast,163
Master,141
masters,124
mat,170
match,148
matches,123
mate,146
material,141
materials,124
math,150
maths,127
matlab,142
matt,134
matter,172
matters,141
mature,128
Mauritania,150
max,140
May,187
maybe,185
mayn't,150
mayo,128
me,230
meal,145
meals,130
mean,187
meaning,151
meaningful,124
means,173
meant,163
measure,130
meat,153
mechanics,124
media,163
medical,152
medication,132
medicine,138
medium,129
meds,132
meet,168
meeting,159
meetings,127
mein,196
mela,125
melt,123
member,147
members,148
meme,132
memories,145
memory,148
men,177
men's,133
mental,155
mentality,123
mentally,139
mention,159
mentioned,153
mentions,125
menu,140
mere,204
merely,124
merry,127
mess,150
message,182
messages,138
messed,135
messing,123
met,168
metal,149
method,136
methods,124
metro,130
mexican,139
Mexico,139
miami,137
mic,124
Michael,142
michigan,129
microwave,127
mid,141
middle,169
midnight,135
might,182
mike,138
mil,163
mila,149
mild,124
mile,151
miles,149
military,155
milk,154
mill,123
miller,123
million,153
millions,140
milne,143
milwaukee,129
min,165
mind,177
minds,135
mindset,124
mine,170
mini,135
minimum,142
minor,138
minority,130
mins,133
mint,132
minute,156
minutes,170
mirror,138
miserable,133
miss,176
missed,157
missing,155
mission,136
mistake,148
mistakes,139
mix,148
mixed,141
Mizoram,150
mob,131
mobile,155
mod,131
mode,137
model,146
models,129
moderators,185
modern,149
Modi,127
mods,171
moi,123
mom,185
mom's,138
moment,166
moments,144
mommy,125
moms,137
mon,130
money,185
monitor,123
monkey,128
monster,142
monsters,126
month,169
month's,125
monthly,125
months,171
mood,156
moon,147
moral,133
More,209
morning,182
mornings,132
mortgage,123
mossi,150
most,197
mostly,163
mote,139
mother,168
mother's,135
mothers,141
motion,129
motivation,133
moto,125
motorcycle,125
mountain,138
mountains,126
mouse,130
mouth,157
move,172
moved,161
movement,138
moves,137
movie,187
movies,169
moving,159
mr,147
ms,126
msg,170
mt,126
much,203
mud,131
multiple,155
Mum,143
Mumbai,127
mummy,170
murder,147
murdered,130
muscle,130
muscles,124
museum,134
music,177
musical,131
Muslim,132
muslims,125
must,181
mutual,127
my,234
myself,183
mystery,127
myth,125
nae,127
Nagaland,150
naha,138
nail,131
nails,132
naked,145
nam,146
Name,183
named,150
names,148
nap,136
nasty,139
nation,139
nation's,124
national,152
nations,126
native,138
natural,149
naturally,136
nature,147
navy,131
nay,128
near,165
nearby,131
nearly,154
neat,130
necessarily,144
necessary,144
neck,144
nee,148
need,197
needed,164
needing,141
needless,127
needs,170
negative,147
neighbor,134
neighborhood,141
neighbors,135
neither,147
nephew,123
nerd,126
nervous,138
net,152
netflix,143
network,147
never,201
new,199
newest,123
news,167
next,188
ney,141
nice,187
nicely,126
nicer,124
niche,165
nick,130
night,190
night's,128
nightmare,133
nightmares,126
nights,145
nine,129
ninja,125
nit,130
no,210
nobody,163
noise,143
noises,125
non,147
none,155
nonsense,129
noon,130
nope,133
nor,144
norm,126
normal,165
normally,144
north,153
northern,132
nose,147
Not,225
note,165
notes,139
nothing,184
notice,164
noticed,153
novel,129
now,205
nowadays,131
nowhere,142
nuclear,141
nude,131
number,173
numbers,150
numerous,124
nurse,133
nut,123
nuts,141
obama,148
object,130
objects,125
obnoxious,123
obsessed,133
obvious,150
obviously,160
occasion,125
occasional,125
occasionally,139
ocean,137
odd,146
oddly,124
odds,130
of,242
off,199
offended,134
offense,128
offensive,131
offer,152
offered,139
offering,129
offers,129
office,170
officer,137
officers,125
official,142
officially,137
offline,125
often,171
oh,185
ohio,133
oil,150
ok,168
oka,130
okay,169
old,189
older,163
oldest,126
olds,130
on,228
once,187
One,217
one's,134
ones,171
onion,123
online,171
only,204
onto,151
ooh,123
op,151
open,175
opened,145
opening,151
openly,123
opens,129
operation,126
opinion,161
opinions,141
opportunities,133
opportunity,146
opposed,131
opposite,151
option,150
options,143
Or,225
oral,123
orange,144
order,167
ordered,138
ordering,124
orders,131
organic,124
organisers,127
organization,128
original,160
originally,134
oriya,150
other,201
other's,123
others,172
otherwise,158
oughtn't,150
our,200
ours,129
ourselves,139
out,217
outcome,127
outside,170
oven,128
over,198
overall,141
overly,128
overnight,123
overweight,123
owe,127
own,185
owned,136
owner,140
owners,133
oxygen,123
pa,146
pace,126
pack,148
package,131
packed,131
packing,123
pad,145
page,157
pages,132
paid,161
pain,167
painful,138
paint,140
painting,130
pair,156
paisa,131
Pal,135
pan,160
panel,129
panic,137
pants,154
Papa,167
paper,166
papers,132
par,197
paranoid,125
pare,131
parent,168
parents,179
park,160
parking,146
parks,126
part,184
part-time,127
participate,124
particular,153
particularly,144
parties,147
partner,148
partners,129
parts,153
party,177
pas,154
pass,174
passed,155
passes,128
passing,142
passion,134
passionate,123
password,136
past,170
pasta,127
pat,130
path,141
pathetic,126
patience,125
patient,137
patients,131
pattern,125
Paul,140
pay,176
paycheck,123
paying,156
payment,133
pays,133
peace,146
peanut,134
pee,152
peeps,123
peg,123
Pen,136
pencil,124
penny,123
people,214
people's,136
peoples,131
pepper,132
per,180
percent,128
percentage,127
perception,124
perfect,166
perfectly,150
perform,132
performance,142
performed,184
performing,128
perhaps,148
period,153
periods,131
permanent,128
permission,128
permitted,151
Person,189
person's,127
personal,167
personality,144
personally,154
perspective,144
pet,156
peter,131
pets,128
petty,124
phase,130
philly,127
philosophy,126
phone,181
phones,145
photo,165
photos,149
phrase,138
physical,151
physically,142
physics,136
pi,139
piano,127
pic,176
pick,167
picked,150
picking,141
picks,128
pics,154
picture,161
pictures,156
pie,134
piece,158
pieces,142
pig,129
pile,131
pill,127
pillow,128
pills,132
pilot,130
pin,130
pine,134
pink,142
pipe,125
pisses,123
pit,130
pitch,132
pizza,158
place,181
placed,129
places,161
plain,135
plan,166
plane,145
planes,123
planet,148
planned,139
planning,148
plans,148
plant,137
plants,130
plastic,144
plate,139
plates,123
platform,129
play,182
played,167
player,151
players,150
playing,175
playoffs,124
plays,143
pleasant,126
please,195
pleasure,142
plenty,153
plot,149
pls,149
plug,126
plus,159
pm,146
pocket,142
pockets,126
podcast,126
poi,123
point,185
pointed,136
pointing,133
pointless,130
points,153
poison,125
pokemon,138
pole,128
police,162
policies,133
policy,144
polish,123
polite,134
political,152
politician,127
politicians,135
politics,146
polls,160
polynesia,150
poo,127
pool,146
poor,163
poorly,131
pop,149
popcorn,127
popped,125
pops,124
popular,154
population,147
pore,141
pork,128
portion,131
portland,129
position,153
positions,130
positive,151
possibility,132
possible,167
possibly,150
post,198
posted,163
poster,127
posting,149
posts,168
pot,144
potato,133
potatoes,130
potential,146
potentially,129
potter,135
pound,127
pounds,129
pour,126
poverty,127
powder,126
power,168
powerful,143
powers,134
practical,130
practically,131
practice,152
praise,125
prank,128
pray,135
prayer,123
praying,124
prefer,152
preferred,123
pregnancy,131
pregnant,149
premise,124
prepare,136
prepared,138
preparing,125
presence,130
present,148
presentation,133
presented,123
presents,127
president,159
presidential,137
press,145
pressure,146
pretend,144
pretending,132
pretty,194
prevent,140
previous,144
previously,126
price,157
prices,138
pride,131
primary,137
prime,138
Prince,133
princess,130
principal,131
print,137
prior,135
prison,144
privacy,128
private,152
privatisation,125
privilege,123
prize,127
pro,144
prob,129
probably,188
problem,178
problems,162
proceeded,132
process,155
produce,135
produced,124
product,148
production,138
productive,133
products,144
professional,146
professor,135
profile,145
profit,132
program,152
programming,129
programs,135
progress,136
prohibited,160
project,154
projects,136
prom,130
promise,145
promised,123
promote,125
pronounce,126
pronounced,129
pronouns,134
proof,144
proper,161
properly,144
property,140
protect,139
protection,132
protein,124
proud,154
prove,146
proven,133
provide,164
provided,130
providing,124
pub,128
public,166
pull,156
pulled,152
pulling,139
pulls,126
pump,125
pumped,125
pumpkin,124
pun,126
Punch,140
punched,124
punishment,130
punjabi,125
punk,125
puppy,129
purchase,138
pure,158
purely,124
Puri,163
purple,131
purpose,148
purposes,124
pursue,123
push,148
pushed,135
pushing,137
put,187
puts,141
putting,157
qualified,125
quality,155
quarter,132
quechua,150
queen,138
queries,160
quest,126
question,193
questions,193
quick,154
quickly,155
quiet,146
quit,153
quite,170
quote,147
quotes,128
rabbit,123
race,155
races,124
racing,127
racism,139
racist,151
radio,151
rag,126
rage,133
rah,148
rain,151
raining,127
raise,144
raised,144
raising,130
Raj,144
Raja,144
Ram,149
Ran,157
random,160
randomly,136
Rang,148
range,144
Rani,136
rant,124
rap,132
rape,151
raped,135
rare,144
rarely,142
rat,153
rate,152
rates,134
rather,170
rational,124
Ravi,132
raw,136
Ray,130
Re,153
reach,150
reached,139
reaching,125
react,132
reaction,143
read,188
reading,168
reads,125
ready,172
real,185
realise,134
realised,130
realistic,130
reality,155
realize,165
realized,160
realizing,134
really,206
reason,180
reasonable,141
reasoning,128
reasons,169
recall,138
receive,140
received,143
receiving,125
recent,145
recently,160
reception,129
recipe,130
recognize,136
recommend,150
recommended,124
record,153
recorded,126
recording,133
records,131
recovery,125
red,168
reduce,128
refer,131
reference,145
referred,124
referring,138
refuse,141
refused,136
regarding,144
regardless,145
regards,127
region,125
register,133
registered,123
regret,145
regular,153
regularly,140
relate,132
related,159
relation,126
relationship,167
relationships,147
relative,131
relatively,137
relatives,124
relax,133
relaxing,126
release,147
released,142
relevant,159
relief,128
religion,151
religious,149
rely,126
remain,133
remaining,124
remains,125
remake,124
remember,182
remembered,135
remembering,125
remind,137
reminded,131
reminder,125
reminds,143
remote,128
remotely,124
remove,150
removed,189
rent,145
rep,127
repair,128
repeat,140
repeatedly,127
replace,138
replaced,133
replacement,123
replied,136
replies,155
reply,161
report,160
reported,128
reporting,125
reports,129
represent,125
republic,135
republican,137
republicans,130
request,161
require,141
required,145
requirement,123
requires,136
rescue,123
research,153
researched,159
resort,123
resources,138
respect,157
respond,142
responded,131
responding,125
response,155
responses,129
responsibility,137
responsible,141
rest,171
restaurant,153
restaurants,135
resubmit,160
result,152
results,146
resume,132
retail,137
retarded,133
retirement,123
return,152
returned,128
returns,133
revenge,126
reverse,129
review,157
reviews,127
revolution,126
reward,124
rey,125
rha,176
rice,144
rich,153
rick,135
rid,142
ride,156
ridiculous,151
ridiculously,125
riding,139
rifle,128
right,197
rights,150
ring,149
rings,132
rip,141
ripped,129
rise,136
rising,123
risk,149
river,138
rm,123
road,165
roads,131
rob,127
Robert,128
Robin,127
robot,130
rock,160
rocket,128
rocking,123
rocks,135
rok,131
role,147
roles,126
roll,151
rolled,130
rolling,136
rolls,131
roman,125
romance,131
romantic,138
romney,126
Ron,128
rone,133
roof,136
room,180
roommate,142
roommates,126
rooms,134
root,131
rose,135
roti,131
rough,142
roughly,127
round,151
route,133
routine,129
row,139
royal,125
roz,139
rub,126
rubber,124
rude,145
ruin,139
ruined,141
ruining,123
rule,153
rules,173
rum,128
run,174
running,166
runs,143
rural,132
rush,139
ryan,134
saadi,127
sacrifice,124
sad,168
sadi,140
sadly,133
Safe,160
safely,124
safer,123
safety,145
Said,196
sake,142
salad,136
salary,135
sale,151
sales,146
salt,141
Sam,143
Same,196
sample,126
Samsung,131
san,151
sand,134
sanders,125
sandwich,144
sandwiches,126
sang,133
santa,136
sara,157
sarah,124
sarcastic,124
saree,142
sari,156
Sat,158
satisfying,125
sauce,143
sausage,124
save,163
saved,145
saving,141
savings,130
saw,179
say,200
saying,181
says,175
scale,139
scar,124
scare,137
scared,156
scares,131
scary,154
scenario,134
scene,161
scenes,139
schedule,142
scheme,123
school,194
school's,123
schools,148
science,156
scientific,132
scientists,124
scope,159
score,141
scott,129
scratch,130
scream,137
screamed,124
screaming,145
screen,153
screw,137
screwed,132
script,127
sea,142
search,150
searching,130
season,171
seasons,143
seat,149
seats,133
seattle,136
sec,129
second,174
seconds,150
secret,151
secretly,123
secrets,123
section,139
secure,124
security,150
see,202
seeing,168
seek,133
seeking,127
seem,168
seemed,153
seems,173
seen,180
sees,137
select,127
selection,126
self,162
selfish,134
sell,157
selling,145
sells,123
semester,137
send,174
sending,143
senior,146
sense,171
sensitive,130
sent,159
sentence,146
separate,141
sequel,124
serial,131
series,163
serious,164
seriously,164
serve,139
served,135
server,138
servers,124
service,161
services,142
serving,131
session,142
sessions,125
set,173
sets,134
setting,146
settle,130
seven,136
several,161
severe,134
sexist,124
sexual,153
sexually,134
sexy,155
sf,125
shadow,131
shake,138
shaking,126
shall,141
Sham,142
shame,145
shape,142
shaped,124
share,163
shared,138
sharing,149
shark,124
sharp,129
shave,128
she,208
she'd,140
she'll,134
she's,174
sheet,129
sheets,126
shelf,125
shell,126
shelter,125
Shi,145
shift,146
shine,124
ship,145
shipping,124
ships,125
shirt,154
shirts,135
shitty,161
shock,136
shocked,136
shoe,132
shoes,152
shoot,155
shooting,148
shop,158
shopping,148
shops,126
short,165
shorter,125
shortly,131
shorts,135
shot,165
shotgun,123
shots,141
should,194
should've,130
shoulder,138
shoulders,126
shouldn't,159
shout,144
show,188
showed,150
shower,153
showing,150
shown,135
shows,163
shut,155
shy,133
siblings,131
sick,161
side,175
sidebar,136
sides,142
sight,134
sign,159
signal,132
signed,139
significant,137
significantly,128
signing,126
signs,140
silence,137
silent,139
silly,145
silver,131
sim,129
similar,163
simple,159
simply,161
sin,126
since,184
Sindhi,150
Sing,145
singer,131
Singh,140
singing,144
single,178
sinhalese,150
sink,134
sir,173
sir's,150
sis,143
sister,166
sister's,123
sisters,135
sit,161
site,156
sites,136
sits,124
sitting,162
situation,168
situations,142
six,149
size,155
sized,129
skill,137
skills,148
skin,155
skinny,131
skip,135
sky,144
skype,125
slap,128
slave,124
slavery,125
slaves,123
sleep,174
sleeping,152
sleepy,125
slept,139
slice,125
slide,130
slight,125
slightly,149
slip,129
slow,156
slowly,149
small,175
smaller,143
smart,159
smarter,127
smash,129
smell,155
smells,136
smile,155
smiling,129
smith,133
smoke,156
smoked,135
smoking,154
smooth,127
sms,132
snack,123
snacks,123
snake,129
snap,130
sneak,125
snow,147
so,222
soap,133
sob,130
sober,131
soccer,136
social,170
socially,134
society,156
socks,138
soda,137
soft,140
software,140
solar,127
sold,149
soldiers,128
solid,148
solo,131
solution,141
solve,138
solved,125
some,209
somebody,154
someday,130
somehow,155
someone,196
someone's,128
something,199
sometime,136
sometimes,177
somewhat,142
somewhere,158
Son,163
song,177
songs,158
sons,125
sony,123
soon,173
sooner,130
sore,126
sorry,180
sort,167
sorts,133
soul,145
souls,133
sound,168
sounded,134
sounding,123
sounds,176
soundtrack,130
soup,138
sour,124
source,148
sources,135
south,158
southern,137
soya,127
space,162
spaghetti,123
spam,129
spare,129
speak,161
speaker,131
speakers,126
speaking,153
speaks,127
special,164
specials,123
species,137
specific,160
specifically,148
spectrum,124
speech,145
speed,153
spell,137
spelled,124
spelling,131
spend,164
spending,148
spent,162
spice,123
spicy,123
spider,128
spiders,125
spin,127
spirit,137
spit,125
split,140
spoke,135
spoken,130
sport,135
sports,152
spot,153
spots,128
spray,132
spread,144
spreading,123
spring,148
squad,124
square,137
st,145
stabbed,132
stable,127
stadium,125
staff,146
stage,147
stairs,138
stall,123
stand,164
standard,146
standards,136
standing,153
stands,136
star,161
starbucks,133
stare,132
staring,138
stars,142
start,184
started,182
starting,161
starts,159
state,171
stated,130
statement,144
statements,123
states,158
station,151
stations,123
statistics,125
stats,124
status,148
stay,172
stayed,144
staying,145
stays,128
steak,136
steal,141
stealing,133
steam,131
steel,132
step,156
Stephen,125
stepped,125
steps,137
steve,137
stick,155
sticker,124
stickers,123
sticking,128
sticks,132
still,201
stock,141
stole,137
stolen,131
stomach,143
stone,138
stood,138
stop,183
stopped,162
stopping,135
stops,137
storage,128
store,169
stores,142
stories,159
storm,138
story,181
straight,164
strange,150
stranger,142
strangers,138
strategy,131
stream,131
street,161
streets,133
strength,136
stress,145
stressed,129
stressful,126
stretch,131
strict,126
strike,132
string,126
strip,131
strong,158
stronger,134
strongly,126
structure,127
struggle,138
struggling,131
stuck,159
student,159
students,161
studied,124
studies,138
studio,141
study,156
studying,140
stuff,182
stuffed,124
stupid,172
stupidity,124
style,154
sub,152
subject,145
submission,155
submit,131
subtle,124
subway,131
succeed,125
success,150
successful,146
successfully,123
such,180
suck,154
sucked,139
sucking,124
sucks,157
sudden,136
suddenly,150
sue,126
suffer,135
suffering,134
Sugar,148
suggest,141
suggested,128
suggestion,125
suggestions,133
suicidal,124
suicide,148
suit,143
suits,124
sum,132
summer,164
sun,166
Sunder,125
Sunny,141
sunshine,126
super,176
superb,124
superior,129
superman,123
supplies,123
supply,132
support,169
supported,124
supporters,132
supporting,136
supports,123
suppose,146
supposed,162
supposedly,126
supreme,127
sure,192
surely,133
surface,131
surgery,143
Suriname,150
surprise,144
surprised,154
surprising,125
surprisingly,128
surrounded,127
surrounding,123
survival,128
survive,141
survived,127
sushi,128
suspect,130
suspended,126
Swaziland,150
swear,147
sweat,133
sweet,166
swim,130
swimming,130
swing,133
switch,144
switched,130
sword,129
symptoms,127
syrup,131
system,167
systems,138
t-shirts,133
ta,167
tab,170
table,160
tables,126
taco,134
tacos,125
tag,166
tai,144
tail,126
Tajikistan,150
take,195
taken,160
takes,165
taking,183
tale,127
talent,138
talented,131
talk,182
talked,152
talking,180
talks,140
tall,142
tame,136
tan,144
tank,138
tap,136
tape,139
tar,157
Tara,139
tare,124
target,158
task,128
taste,156
tastes,141
tasty,128
tattoo,134
tattoos,125
taught,151
tax,152
taxes,146
taxi,124
taylor,129
tea,153
teach,152
teacher,167
teachers,151
teaching,145
team,169
teams,138
tear,134
tears,141
tech,149
technical,128
technically,142
technology,147
ted,126
teen,150
teenage,133
teenager,139
teenagers,131
teens,134
teeth,149
tel,139
television,130
tell,188
telling,164
tells,150
temperature,129
temple,126
ten,151
tend,152
tends,125
tension,140
teri,165
term,155
terms,149
terrible,161
terribly,123
terrified,136
terrifying,138
terror,130
terrorism,126
terrorist,131
terrorists,123
test,159
tested,125
testing,133
tests,135
texas,149
text,179
texted,124
texting,137
texts,131
than,202
thank,191
thankful,132
thankfully,128
thanks,193
thanksgiving,134
that,237
that'd,125
that'll,126
that's,201
the,255
theater,141
theatre,131
their,205
theirs,126
them,209
theme,142
themselves,165
then,205
theories,126
theory,152
therapist,131
therapy,138
there,212
there's,161
therefore,138
these,189
they,220
they'd,150
they'll,152
they're,185
they've,150
thick,133
thin,135
thing,196
things,196
think,208
thinking,175
thinks,155
third,156
this,227
this'd,125
tho,165
thomas,125
those,193
though,189
thought,189
thoughts,152
thousand,137
thousands,143
thread,161
threads,137
threat,135
threatened,126
threatening,124
three,171
threw,146
throat,135
thrones,126
through,188
throughout,143
throw,158
throwing,144
thrown,136
throws,125
Thru,136
thumb,127
thunder,126
thus,139
ticket,150
tickets,151
tie,139
tied,134
ties,123
tiger,127
tight,139
til,146
till,157
tim,136
time,212
timeline,126
times,182
timing,126
tin,127
tiny,149
tip,152
tips,142
tire,125
tired,158
title,181
titles,163
to,251
toast,130
tobago,150
today,189
today's,146
toe,128
together,174
toilet,153
told,184
tom,143
tomato,125
tomorrow,172
tomorrow's,131
ton,150
tone,136
tongue,136
tonight,177
tonight's,128
tons,144
Tony,129
too,202
took,178
Tool,140
tools,136
tooth,126
top,177
topic,154
topics,127
torture,130
toss,124
total,155
totally,168
touch,156
touched,131
touching,132
tough,150
tour,146
tournament,125
toward,134
towards,156
towel,126
tower,128
town,165
toxic,127
toy,137
toys,134
track,150
tracks,130
trade,145
tradition,124
traditional,131
traffic,151
trail,129
trailer,137
train,158
trained,132
training,152
trans,129
transfer,132
transition,123
trap,127
trapped,125
trash,145
travel,153
traveling,133
treat,152
treated,143
treating,130
treatment,140
treats,125
tree,149
trees,138
trek,128
trend,132
trending,124
trial,131
trick,140
tried,174
tries,139
trigger,133
trip,159
triple,123
trips,128
Tripura,150
troll,129
trouble,154
truck,150
trucks,126
true,177
truly,155
trump,172
trust,161
truth,154
try,189
trying,185
tub,124
tube,131
Tula,144
tum,188
tune,158
tuned,134
Turkey,133
turkmen,150
turn,170
turned,166
turning,145
turns,158
tut,126
tv,168
tweet,162
tweeted,127
tweeting,139
tweets,150
twenty,128
twice,154
twin,129
twins,124
twist,133
twitter,170
two,191
type,166
types,144
typical,136
typically,138
typing,132
ugh,133
ugly,146
uh,132
ultimate,130
ultimately,130
um,130
un,155
unable,135
uncle,149
uncomfortable,144
under,172
understand,177
understanding,147
understood,140
underwear,131
unexpected,123
unfortunately,144
unhealthy,123
uni,130
uniform,126
union,134
unique,141
unit,133
united,143
universal,129
universe,151
university,152
Unknown,128
unless,167
unlike,131
unlikely,126
unlimited,126
unnecessary,148
until,184
unusual,123
up,216
upcoming,129
update,145
updated,126
updates,134
upgrade,125
upload,128
upon,150
upper,135
ups,133
upset,149
upstairs,126
urban,127
us,203
use,201
Used,187
useful,143
useless,138
user,138
username,145
users,135
uses,166
using,172
usual,139
usually,174
uyghur,150
uzbek,150
vacation,144
vale,125
valid,135
valley,128
valuable,130
value,152
values,129
vampire,124
van,136
vanilla,126
var,129
variety,132
various,143
vast,133
vat,138
vegan,134
vegas,143
vehicle,136
version,157
versions,124
very,199
via,145
vice,129
victim,136
victims,131
victory,127
video,178
videos,156
view,153
views,138
village,130
villain,124
violate,151
violated,152
violates,137
violence,142
violent,136
virgin,130
virginia,127
visible,124
vision,134
visit,157
visited,132
visiting,137
visual,124
vodka,132
voice,161
voices,127
volume,131
volunteer,128
vomit,125
vote,165
voted,137
voters,127
votes,134
voting,150
vs,154
wage,139
wah,147
wait,181
waited,133
waiting,165
wake,156
waking,139
wale,155
Wali,161
walk,169
walked,156
walking,164
walks,141
wall,158
wallet,132
walls,136
walmart,134
wanna,167
want,202
wanted,179
wanting,147
wants,167
war,167
warm,148
warming,125
warning,138
wars,149
was,231
wash,144
washing,130
washington,137
wasn't,182
waste,152
wasted,136
wasting,130
watch,181
watched,165
watches,124
watching,177
water,175
wave,132
way,201
ways,158
we,217
we'd,149
we'll,159
we're,178
we've,155
weak,140
wealth,130
wealthy,127
weapon,137
weapons,141
wear,163
wearing,160
wears,125
weather,154
web,143
website,152
websites,126
wedding,160
weddings,124
weed,152
week,183
week's,135
weekend,171
weekends,130
weekly,127
weeks,166
weight,156
weird,173
welcome,166
well,197
went,188
were,204
weren't,158
west,151
western,138
wet,143
what,216
what'd,150
what'm,150
what's,175
whatever,170
whats,137
whatsapp,142
whatsoever,125
wheel,134
when,216
whenever,156
where,197
where'er,150
where'll,150
where's,126
whereas,126
wherever,127
whether,159
which,195
while,192
whilst,131
whiskey,128
white,174
who,209
who's,158
whoever,137
whole,180
whom,135
whose,143
why,199
why'll,150
why've,150
wide,139
wife,172
wikipedia,129
wild,145
will,210
williams,126
willing,150
win,168
wind,142
window,154
windows,146
wine,151
wing,129
wings,134
winner,137
winning,143
wins,142
winter,148
wipe,134
wire,126
wisconsin,129
wisdom,129
wise,137
wish,177
wishes,137
wishing,134
wit,137
witch,129
with,227
within,172
without,188
wizard,127
wo,196
woke,152
wolf,125
woman,173
woman's,124
women,179
women's,140
won,155
won't,175
wonder,161
wondered,128
wonderful,154
wondering,147
wood,137
woods,139
word,172
wording,136
words,168
wore,136
work,199
worked,171
worker,131
workers,138
working,178
workout,136
works,168
world,187
world's,136
worlds,127
worn,124
worried,144
worries,131
worry,158
worrying,127
worse,167
worst,167
worth,169
worthy,124
would,213
would've,142
wouldn't,179
wound,127
wow,158
wrap,134
wrapped,130
wreck,124
wrist,124
write,169
writer,130
writers,132
writing,160
written,152
wrong,180
wrote,150
xbox,131
xhosa,150
y'all,142
ya,173
yah,135
yahoo,128
yard,140
yay,130
ye,178
yea,150
yeah,180
year,193
year's,140
years,194
yell,134
yelled,132
yelling,138
yellow,138
yen,131
yep,127
yes,179
yesterday,156
yesterday's,125
yet,176
yo,146
yoga,130
york,146
yoruba,150
you,241
you'd,162
you'll,169
you're,201
you've,170
young,168
younger,154
your,222
yours,150
yourself,175
youth,136
youtube,154
yup,132
zara,126
zero,147
zombie,133
zombies,126
zone,137
zoo,127